연월,서울,부산,대구,인천,광주,대전,울산,세종,경기,강원, 충북 ,충남,전북,전남,경북,경남,제주,소계
200008 ,,,,,,,,,267500 ,18000 ,1700 ,500 ,23300 ,19250 ,19050 ,13240 ,,362540 
200009 ,,,,,,,,,93300 ,25000 ,32000 ,,28200 ,107700 ,,,,286200 
200010 ,,,,,20 ,,,,66100 ,200 ,,63500 ,3400 ,52300 ,,30 ,,185550 
200011 ,,,,,,,,,132000 ,,,35000 ,32500 ,61560 ,82000 ,10000 ,,353060 
200012 ,,,,,,,,30000 ,111489 ,10500 ,36400 ,41000 ,91300 ,14300 ,6000 ,41100 ,,382089 
200101 ,,,,5500 ,,,,,64830 ,,,11710 ,53000 ,20000 ,5000 ,,,160040 
200102 ,,,,,7000 ,,,,45500 ,30000 ,,46500 ,6050 ,16300 ,32000 ,,5500 ,188850 
200103 ,,5000 ,,,,,,,91000 ,64000 ,2000 ,75100 ,72700 ,39900 ,30200 ,960 ,,380860 
200104 ,,,,,,,,,97750 ,3000 ,9000 ,3200 ,9200 ,47000 ,11500 ,12000 ,,192650 
200105 ,,,,,10212 ,,,,81800 ,22560 ,24627 ,52100 ,66800 ,92300 ,5000 ,,,355399 
200106 ,,,,,1400 ,,,,132210 ,16000 ,27550 ,,63600 ,81700 ,16040 ,34000 ,,372500 
200107 ,,,,,,,,,248700 ,,54000 ,3940 ,57000 ,55000 ,11000 ,,,429640 
200108 ,,,,,21000 ,,,,93600 ,13000 ,2000 ,164790 ,71200 ,7150 ,,36000 ,,408740 
200109 ,,,,,,,,,87000 ,20400 ,13050 ,10000 ,17870 ,2000 ,15000 ,40000 ,,205320 
200110 ,,,,,,,,,117000 ,,44600 ,7600 ,36600 ,,,69600 ,,275400 
200111 ,,,,,,,,,151600 ,20000 ,96600 ,200640 ,65171 ,325667 ,93000 ,41000 ,,993678 
200112 ,,,,,,,8000 ,,68700 ,78300 ,86450 ,22200 ,16700 ,35800 ,35000 ,10700 ,,361850 
200201 ,,,,,,,,30000 ,55700 ,,66500 ,,5000 ,74500 ,21500 ,56780 ,,309980 
200202 ,,,,,,,,,186000 ,,68900 ,64450 ,12000 ,63500 ,1000 ,14500 ,,410350 
200203 ,,,,,,,,,43500 ,,30580 ,53500 ,62100 ,36300 ,,50 ,,226030 
200204 ,,,,,,,,,184920 ,29000 ,46290 ,56300 ,150900 ,490920 ,,1306 ,,959636 
200205 ,,,,,,,,140 ,90325 ,24035 ,56800 ,66200 ,84500 ,504415 ,42000 ,10700 ,,879115 
200206 ,,,,14000 ,,,21500 ,,36400 ,354 ,28000 ,102000 ,181700 ,353500 ,15000 ,42500 ,,794954 
200207 ,,,,1000 ,,,,,80500 ,70 ,35000 ,239000 ,239000 ,618520 ,28300 ,1000 ,,1242390 
200208 ,,,,,320 ,,,18000 ,24000 ,,1000 ,305500 ,30050 ,221680 ,,250 ,,600800 
200209 ,,,,,,,,,44000 ,26000 ,7000 ,77000 ,36900 ,364100 ,,25000 ,,580000 
200210 ,,,,,13000 ,,,,208000 ,47400 ,34000 ,117878 ,151300 ,169300 ,17700 ,6000 ,,764578 
200211 ,,,,,,,,,75150 ,,4300 ,151800 ,25200 ,72400 ,,,,328850 
200212 ,,,,,,,,,66020 ,18000 ,3800 ,87380 ,10600 ,104300 ,97900 ,42700 ,,430700 
200301 ,,,,,,,,,29300 ,,34950 ,,12900 ,149950 ,75000 ,2000 ,,304100 
200302 ,,,,,,,,,22200 ,,31000 ,43680 ,44300 ,95500 ,137700 ,14000 ,,388380 
200303 ,,,,,,,,,58240 ,,21000 ,36430 ,91500 ,146000 ,,600 ,,353770 
200304 ,,,,,10000 ,,,,1200 ,,12000 ,13000 ,72670 ,103400 ,,400 ,,212670 
200305 ,,1500 ,,,,,,,4030 ,,7000 ,61600 ,22000 ,323200 ,38500 ,40 ,30 ,457900 
200306 ,,,,,,,,,,200 ,40 ,27000 ,20000 ,118100 ,53500 ,11000 ,,229840 
200307 ,,,,,,,,,20500 ,1500 ,7500 ,10100 ,104650 ,12750 ,10800 ,9000 ,,176800 
200308 ,,,,,,,,,15090 ,,6200 ,,16100 ,249200 ,81000 ,2000 ,,369590 
200309 ,,,,400 ,,,,,127000 ,500 ,200 ,2100 ,15000 ,,35000 ,,,180200 
200310 ,,,,,,,,16000 ,19320 ,,600 ,15000 ,7400 ,64000 ,5000 ,,,127320 
200311 ,,,,14700 ,,,,9700 ,120602 ,20000 ,10700 ,200 ,8500 ,56000 ,27900 ,,,268302 
200312 ,,,,,,,2000 ,,76003 ,,21305 ,43000 ,800 ,53500 ,46800 ,8600 ,,252008 
200401 ,,,,,,,,,20500 ,,7700 ,54000 ,10000 ,75000 ,17500 ,1333 ,,186033 
200402 ,,,,,,,,,18940 ,,10000 ,11500 ,1000 ,1500 ,23500 ,,,66440 
200403 ,,,,,,,,,88400 ,1500 ,,,16600 ,,5000 ,,,111500 
200404 ,,,,,,,,,26800 ,,800 ,,36300 ,20000 ,10500 ,430 ,,94830 
200405 ,,,,400 ,,,,,82400 ,97 ,8520 ,24000 ,6500 ,35501 ,,10 ,,157428 
200406 ,,,,,,,,10000 ,13805 ,,25200 ,53400 ,9250 ,55250 ,,1000 ,7000 ,174905 
200407 ,,,,,6000 ,,,,37300 ,,6000 ,22800 ,34000 ,34000 ,15500 ,500 ,,156100 
200408 ,,,,,,,,,400 ,,6000 ,,39000 ,18000 ,,1300 ,,64700 
200409 ,,,,,,,,,6872 ,400 ,,,7000 ,400 ,,,,14672 
200410 ,,,,,,,,,16500 ,,,,8800 ,16000 ,,,,41300 
200411 ,,,,,,,,,43500 ,,18150 ,1500 ,59100 ,51000 ,43050 ,1580 ,,217880 
200412 ,,,,,,,,,29600 ,13347 ,27100 ,,1450 ,32700 ,,,,104197 
200501 ,,,,,,,,,4000 ,,1860 ,,16950 ,600 ,1300 ,120 ,,24830 
200502 ,,,,,,,,,14803 ,,11500 ,,34430 ,40 ,120 ,,,60893 
200503 ,,,,,160 ,,,,3500 ,,56000 ,,26000 ,9500 ,,,,95160 
200504 ,,,,,,,,,2012 ,6600 ,8000 ,,53850 ,51800 ,,21200 ,,143462 
200505 ,,,,,,,,,1102 ,,40070 ,19800 ,36350 ,127800 ,,32000 ,,257122 
200506 ,,,,100 ,2000 ,,,,7000 ,,34200 ,45700 ,38050 ,321100 ,,,1170 ,449320 
200507 ,,,,,60000 ,,,,36100 ,7400 ,5500 ,21925 ,5000 ,561300 ,,6500 ,,703725 
200508 ,,,,,39500 ,,,,18850 ,,21500 ,62000 ,15200 ,170200 ,860 ,,6200 ,334310 
200509 ,,,,,,,,,29064 ,,,81000 ,14000 ,94600 ,1500 ,,,220164 
200510 ,,,,,,,,,,,,100 ,,43060 ,60000 ,,,103160 
200511 ,,,,,,,,,,,2200 ,3700 ,57414 ,49004 ,,,,112318 
200512 ,,,,,,,,,,,,6000 ,20000 ,37000 ,,,,63000 
200601 ,,,,,,,,,160 ,,120 ,2000 ,,22000 ,38500 ,1550 ,,64330 
200602 ,,,,,,,,,,,,78100 ,,203200 ,38000 ,,,319300 
200603 ,,,,,,,,,18500 ,,5000 ,80900 ,4000 ,65200 ,3000 ,,,176600 
200604 ,,,,,,,,,33118 ,,,49830 ,26000 ,52600 ,,,,161548 
200605 ,,,,,,,,,4219 ,,8000 ,,19400 ,1000 ,33200 ,,,65819 
200606 ,,,,,,,,,6670 ,,900 ,58150 ,19500 ,,,350 ,,85570 
200607 ,,,,,,,,,,56000 ,4000 ,4000 ,78200 ,190600 ,44732 ,200 ,,377732 
200608 ,,,,,,,,800 ,18200 ,,,,10200 ,51000 ,1500 ,500 ,,82200 
200609 ,,,,,,,,,500 ,,,4600 ,9300 ,11800 ,,1000 ,,27200 
200610 ,,,100 ,,,,,36 ,34200 ,24000 ,1900 ,105320 ,16300 ,17100 ,,54000 ,,252956 
200611 ,,,,,,,,,16350 ,,6 ,38000 ,7000 ,50 ,,,12 ,61418 
200612 ,,,,255 ,,,,77000 ,7040 ,,,65300 ,17302 ,,4200 ,,,171097 
200701 ,,,200 ,,,,,,,,500 ,8000 ,6601 ,,12100 ,,,27401 
200702 ,,,,,,,,600 ,6000 ,,42080 ,63800 ,91000 ,97656 ,10 ,,,301146 
200703 ,,,,,,,,,4310 ,5000 ,100 ,44900 ,14300 ,211400 ,3000 ,,,283010 
200704 ,,,,,,,,,40003 ,80 ,,53500 ,52700 ,147010 ,66611 ,1000 ,,360904 
200705 ,,,,,,,,,3000 ,,140160 ,46000 ,59750 ,114500 ,,22800 ,,386210 
200706 ,,,,,,,,,13 ,,,6000 ,76865 ,4600 ,,1400 ,,88878 
200707 ,,,,,,,,700 ,,,200 ,15700 ,43840 ,373000 ,,2000 ,500 ,435940 
200708 ,,,,,,,,,575 ,350 ,,200 ,14100 ,20500 ,,,2550 ,38275 
200709 ,,,,50 ,,,,,2 ,,,,19000 ,,,,1500 ,20552 
200710 ,,,,,,,70 ,,,,,,1600 ,200 ,,,,1870 
200711 ,,,,,,,,,,2 ,,,3700 ,79600 ,,,,83302 
200712 ,,,,,,,,,100 ,20 ,,,3600 ,1100 ,1100 ,,,5920 
200801 ,,,,,,,,,,,,,14700 ,470 ,3800 ,,,18970 
200802 ,,,,,,,,,,,,,4000 ,,,,,4000 
200803 ,,,,,,,,,3000 ,,,5000 ,9000 ,20500 ,50 ,,,37550 
200804 ,,,,,,,,,765 ,,,21059 ,10485 ,78050 ,,60 ,,110419 
200805 ,0 ,7 ,24 ,,,25 ,63 ,,4798 ,22 ,10002 ,87106 ,14400 ,2131 ,94271 ,6113 ,,218962 
200806 ,,,,,,,,,,,,15000 ,220 ,77910 ,,1000 ,,94130 
200807 ,,,,,,,,,2500 ,,,1000 ,6055 ,60100 ,,,3000 ,72655 
200808 ,,,,,,,,,100 ,,,2800 ,2400 ,1500 ,,,,6800 
200809 ,,,,,,,,,862 ,,,,,,,100 ,,962 
200810 ,,,,,,,,,,,,1500 ,2012 ,,3000 ,,,6512 
200811 ,,,,,,,,,24000 ,,,1700 ,7000 ,27000 ,,,,59700 
200812 ,,,,,,,,,,,,,9110 ,,300 ,9 ,,9419 
200901 ,,,,,,,,,4050 ,,,6000 ,450 ,,800 ,,,11300 
200902 ,,,,,,,,,11066 ,,6500 ,46000 ,14100 ,15 ,30 ,,,77711 
200903 ,,,,,,,,,28650 ,,9500 ,13001 ,10000 ,22000 ,,,,83151 
200904 ,,,,,,,,,35124 ,,,,21002 ,91700 ,6030 ,,,153856 
200905 ,,,,,,,,,61570 ,44 ,,10573 ,15300 ,,1500 ,3000 ,,91987 
200906 ,,,,,,,,,16400 ,125 ,,55350 ,32750 ,,4596 ,,,109221 
200907 ,,,,,,,,3000 ,2507 ,15000 ,40 ,21210 ,53900 ,58870 ,35074 ,450 ,,190051 
200908 ,,,,,,,,,12 ,,,21150 ,27900 ,,,200 ,12 ,49274 
200909 ,,,,,,,,,2010 ,,5300 ,4850 ,11100 ,110000 ,,,,133260 
200910 ,,,,,,,,500 ,700 ,,,2800 ,39609 ,110000 ,,42 ,,153651 
200911 ,,,,,,,,,323 ,3 ,10000 ,2012 ,9750 ,8 ,20 ,,,22116 
200912 ,,,,,,,,,3150 ,,15500 ,7000 ,4503 ,,3000 ,,,33153 
201001 ,,1500 ,,,,,,,27400 ,,1100 ,62900 ,11150 ,50500 ,2000 ,3100 ,,159650 
201002 ,,,,,,,,,13600 ,,4000 ,5090 ,3250 ,,6000 ,3000 ,,34940 
201003 ,,,,,,,,,2500 ,,35000 ,58300 ,19800 ,3500 ,3410 ,21000 ,,143510 
201004 ,,,,,4 ,,,,4900 ,40 ,,93 ,13200 ,38670 ,1500 ,13200 ,,71607 
201005 ,,,,,,,,,20800 ,,17800 ,11000 ,37700 ,210427 ,8898 ,20 ,,306645 
201006 ,,,,30 ,,,,,1721 ,,2000 ,145000 ,18500 ,4002 ,,,,171253 
201007 ,,,,,,,,,140 ,10 ,8002 ,7060 ,23600 ,53468 ,5000 ,,,97280 
201008 ,,,,,,,,,4180 ,50 ,5 ,31000 ,29100 ,12500 ,27500 ,,,104335 
201009 ,,,,,,,,,2800 ,55 ,,1000 ,6002 ,41720 ,30 ,1000 ,,52607 
201010 ,,,,,5000 ,,,,,,5000 ,10515 ,18900 ,125150 ,1301 ,2000 ,,167866 
201011 ,,,,,,,,,1000 ,,,15910 ,15400 ,39450 ,,,,71760 
201012 ,,,,,,,,,3913 ,40 ,,5000 ,43775 ,1000 ,2000 ,6120 ,,61848 
201101 ,,,4 ,,,,,,106 ,322 ,1 ,6213 ,3400 ,2030 ,4600 ,2 ,,16678 
201102 ,,,,,,,,,2500 ,,20000 ,,16600 ,,3000 ,2200 ,,44300 
201103 ,,,0 ,10 ,,,,,818 ,,0 ,7400 ,19852 ,801 ,210 ,,,29091 
201104 ,,,,,,,,,2520 ,4200 ,10500 ,41083 ,15758 ,3210 ,34 ,,,77305 
201105 ,,,,,,,,,4589 ,,2000 ,7000 ,21050 ,13001 ,36352 ,7153 ,,91145 
201106 ,,,,,,,,,1018 ,2300 ,400 ,19130 ,19750 ,2152 ,3040 ,,,47790 
201107 ,,,,,,,,,3030 ,,5000 ,38780 ,14910 ,,50303 ,800 ,,112823 
201108 ,,,,,,,,,137 ,,2 ,27300 ,21900 ,,,63 ,,49402 
201109 ,,,,,,,,,60 ,4100 ,1000 ,2450 ,9012 ,700 ,,10 ,,17332 
201110 ,2 ,,,,,,,,35 ,,2500 ,5700 ,7110 ,825 ,2 ,,,16174 
201111 ,,,,,,,,,6480 ,,,3600 ,3000 ,,300 ,,6 ,13386 
201112 ,,,,,,,,,,5 ,26 ,3200 ,450 ,,2917 ,230 ,,6828 
201201 ,,,,2 ,,,,,,,,17343 ,12080 ,,1010 ,,,30435 
201202 ,,,,,,,,,1000 ,,,21600 ,20140 ,,,2500 ,2000 ,47240 
201203 ,,,,,,,,,1000 ,,,7496 ,9150 ,400 ,,,,18046 
201204 ,,,,,,,,,,,4000 ,2240 ,70306 ,1100 ,80 ,475 ,,78201 
201205 ,,,,,,,,,150 ,,3040 ,1730 ,7455 ,360008 ,,,,372383 
201206 ,,,,,,,20 ,,,,2000 ,3050 ,13858 ,1550 ,1383 ,650 ,,22511 
201207 ,,,,,,,,,,,10600 ,19115 ,5427 ,3530 ,1000 ,,10 ,39682 
201208 ,,,,,,,,,1374 ,,8105 ,18420 ,7900 ,550 ,700 ,4403 ,,41452 
201209 ,,,,,,,,,4300 ,,3000 ,2450 ,2125 ,17500 ,20 ,,,29395 
201210 ,,,,8 ,,,,,9000 ,4 ,,1000 ,10610 ,,,,,20622 
201211 ,,,,8 ,,,,,203 ,,,2850 ,1410 ,,605 ,2580 ,,7656 
201212 ,,,,,,,,,4300 ,,,1000 ,840 ,40 ,10 ,,,6190 
201301 ,,,,,,,,,16405 ,,,75000 ,,7000 ,,500 ,3 ,98908 
201302 ,,,,,,,,,100 ,66 ,,9250 ,100 ,8200 ,87976 ,600 ,,106292 
201303 ,,,,,,,,,400 ,,,15714 ,10959 ,10330 ,15010 ,,,52413 
201304 ,,,,,,,,,,,,1 ,1520 ,8 ,519 ,,,2048 
201305 ,,,,,,,,,10 ,,,800 ,7660 ,,2134 ,,,10604 
201306 ,,,5 ,,,,,,5005 ,,,2520 ,5600 ,1 ,14750 ,,,27881 
201307 ,,,,,,,,,2010 ,,7000 ,,8919 ,,,300 ,,18229 
201308 ,,,,,,,,,,1000 ,,19000 ,1500 ,,405 ,1000 ,,22905 
201309 ,,,,,,,,,14 ,50 ,5000 ,1 ,2300 ,,6 ,,2 ,7373 
201310 ,,,,,,,,,3 ,180 ,,2006 ,5258 ,6000 ,40 ,,,13487 
201311 ,,,,,,,14 ,,2500 ,,,21100 ,14735 ,1001 ,4940 ,,,44290 
201312 ,,,2 ,,,,,,15 ,,8 ,,54 ,200 ,40 ,26 ,,345 
201401 ,5 ,,,,,,,,55 ,,,0 ,2600 ,24333 ,2180 ,12 ,,29185 
201402 ,,300 ,,,23 ,,,,2743 ,,,501 ,10 ,32137 ,140 ,407 ,,36261 
201403 ,,,,,,,,0 ,5000 ,,55 ,7200 ,7420 ,5530 ,100 ,,,25305 
201404 ,,,,,,,0 ,,400 ,1073 ,80 ,8940 ,3850 ,2813 ,18 ,0 ,,17174 
201405 ,,,,,,,,,1250 ,,40000 ,9651 ,3250 ,10 ,8800 ,5 ,,62966 
201406 ,,,7 ,,,,,,1836 ,85 ,51003 ,33100 ,980 ,15358 ,6515 ,2 ,,108886 
201407 ,,,,,,,,,360 ,6 ,20000 ,2282 ,3500 ,254 ,28 ,46 ,,26476 
201408 ,,,,,,,,,6 ,,,20603 ,34550 ,5100 ,2041 ,6006 ,,68306 
201409 ,,,,,,,,,200 ,30 ,30000 ,,13660 ,3170 ,6100 ,,,53160 
201410 ,,,,,,,,,6 ,,,1254 ,980 ,7500 ,5 ,300 ,,10045 
201411 ,,,,,,,,,1850 ,,,1225 ,2700 ,1242 ,15 ,,,7032 
201412 ,,,,,,,,,0 ,,,100 ,5200 ,5300 ,8 ,0 ,,10608 
201501 ,,0 ,,57 ,,,,,2010 ,,,2 ,25100 ,6 ,,,,27175 
201502 ,,,,,,,0 ,,950 ,4000 ,840 ,320 ,2006 ,160 ,,2 ,,8278 
201503 ,,,,30 ,,,,,3817 ,,0 ,801 ,2240 ,600 ,11 ,11 ,,7510 
201504 ,,,,,5 ,,,,1506 ,,,10000 ,20 ,400 ,33 ,,,11964 
201505 ,,,,,,,,,,29 ,1500 ,240 ,5900 ,5 ,2000 ,1 ,,9675 
201506 ,,,,,,,,,,,95000 ,,9511 ,23208 ,48000 ,4 ,2 ,175725 
201507 ,,,,,,,,,7 ,,21052 ,22210 ,29500 ,21970 ,20 ,44 ,,94803 
201508 ,,,,,,,,,14 ,,,9800 ,10900 ,1720 ,6080 ,16 ,,28530 
201509 ,,,,2 ,,,,,482 ,,10 ,,17503 ,0 ,620 ,3 ,,18620 
201510 ,,,,5 ,,,,,100 ,300 ,,23030 ,23800 ,2 ,21587 ,4 ,,68828 
201511 ,,,,,,,,,5 ,,,1 ,2710 ,1900 ,500 ,,,5116 
201512 ,,,,,,,,1 ,,,,10 ,3570 ,6505 ,,1201 ,,11287 
201601 ,,,,,,,,,420 ,,,750 ,2640 ,239 ,2 ,,,4051 
201602 ,,,,,,,,,5000 ,,,25600 ,4900 ,,200 ,300 ,,36000 
201603 ,,,,,,,,,7 ,,,780 ,2003 ,4001 ,7400 ,,,14191 
201604 ,,,,,,,,,50 ,5 ,,60 ,7450 ,,,3029 ,6 ,10600 
201605 ,,,,,,,,,1010 ,130 ,,600 ,13800 ,32 ,1 ,74 ,,15647 
201606 ,,,,,,,,,5 ,7000 ,,330 ,25491 ,500 ,9 ,2 ,,33337 
201607 ,,,,,,,,,40 ,150 ,,740 ,20608 ,55 ,3000 ,1005 ,,25598 
201608 ,,,,30 ,,,,,130 ,,,,,210 ,300 ,2 ,,672 
201609 ,,,,,,,,,10110 ,,,3260 ,7600 ,213 ,,4 ,,21187 
201610 ,,,,,,,,,1560 ,,,100 ,15850 ,48 ,7 ,4 ,,17569 
201611 ,,,,,,,,0 ,20 ,11 ,0 ,0 ,16300 ,10 ,,,,16341 
201612 ,,0 ,37 ,0 ,,,,0 ,66 ,0 ,160 ,0 ,58060 ,8 ,60 ,43 ,,58434 
201701 ,,,,,,,,,102 ,0 ,,0 ,31501 ,70 ,,13 ,,31686 
201702 ,,,,,,,,,0 ,,,0 ,38725 ,200 ,,2 ,,38927 
201703 ,,,,,,,,,0 ,,,500 ,27411 ,,20 ,2 ,,27933 
201704 ,,,,,,,,,,,360 ,14584 ,7420 ,10 ,5 ,,,22379 
201705 ,,,,,,,,,26 ,1 ,,81600 ,41600 ,,1300 ,,,124527 
201706 ,,0 ,0 ,,,,0 ,,2005 ,,,60615 ,13400 ,1502 ,3 ,19 ,0 ,77544 
201707 ,,,,,,,,,400 ,2 ,,570 ,,,120 ,1 ,,1093 
201708 ,,,,,,,,,28 ,,,8000 ,20010 ,,,10 ,,28048 
201709 ,,,,,1 ,,,,,,,,3616 ,,16 ,3 ,,3636 
201710 ,,,,,,120 ,,,28 ,350 ,,204 ,3000 ,1050 ,,2 ,,4754 
201711 ,,,5 ,,,,,,,,,488 ,7500 ,130 ,,8 ,,8131 
201712 ,,,,,,,,,,50 ,,21 ,500 ,12 ,,,,583 
201801 ,,40 ,,,,,,,550 ,20 ,,,10300 ,7060 ,,14 ,,17984 
201802 ,,,,,,,,,120 ,,10000 ,0 ,8000 ,10 ,,1000 ,,19130 
201803 ,,,,,,,,,1474 ,,,12554 ,83100 ,40100 ,,53 ,,137281 
201804 ,,,,,,,,,,50 ,,11150 ,10330 ,210000 ,,3 ,,231533 
201805 ,,,,,2 ,,,,47850 ,,200 ,47500 ,21320 ,,,2 ,,116874 
201806 ,,,2 ,,,,,,2010 ,,1500 ,802 ,33450 ,690 ,1303 ,11 ,,39768 
201807 ,,,,,,,,,12000 ,60000 ,,359 ,47400 ,40850 ,,,,160609 
201808 ,,,,,,,,,28000 ,,,1873 ,1800 ,,,6 ,,31679 
201809 ,,,,,,,,,,,,4430 ,76500 ,3160 ,,4 ,,84094 
201810 ,,,,,,,,,2105 ,3 ,,40400 ,50600 ,47510 ,1800 ,304 ,3 ,142725 
201811 ,,,,,,,,,21225 ,9086 ,,1480 ,59000 ,14506 ,,2 ,,105299 
201812 ,,,,,,,,,3 ,,,13450 ,54700 ,155900 ,,,,224053 
201901 ,,,,,,,,,3503 ,,21000 ,10400 ,246634 ,,1 ,,,281538 
201902 ,,,,,,,,,10 ,,52800 ,110 ,316900 ,20 ,,6 ,,369846 
201903 ,,,,,,,,,25277 ,,,1 ,128640 ,,45 ,,,153963 
201904 ,,,,,5 ,,,,304 ,,2000 ,,22160 ,2030 ,112989 ,208 ,,139696 
201905 ,,,,,,,,,10272 ,,,,80748 ,360 ,3500 ,7 ,,94887 
201906 ,,,,,,,,,3675 ,3430 ,,,306567 ,21000 ,,28 ,,334700 
201907 ,,,,,,,,,35110 ,5010 ,3000 ,4 ,5250 ,26010 ,8500 ,68 ,,82952 
201908 ,,,,,,,,,,100 ,,12300 ,3807 ,,,301 ,,16508 
201909 ,,,,,,,,,3000 ,750 ,,17 ,2 ,6300 ,16 ,1 ,,10086 
201910 ,,,,12000 ,,,,,700 ,,,,16701 ,2115 ,915 ,,,32431 
201911 ,,,,,,,,,305 ,,600 ,,22600 ,,1 ,100 ,,23606 
201912 ,,,,13000 ,,,,,300 ,3 ,,,15580 ,1200 ,,,,30083 
202001 ,,,,,,,,,8400 ,,,150 ,21025 ,,,,,29575 
202002 ,,,,,,,,,2538 ,,,,54622 ,,,,,57160 
202003 ,,,,,,,,,32008 ,,,,1054 ,18502 ,2400 ,,,53964 
202004 ,,,,,,,,,1800 ,,,100 ,134 ,,,40 ,,2074 
202005 ,,,,,,,,,,30 ,143 ,,7341 ,7 ,20 ,,,7541 
202006 ,,,,,,,,,2 ,,,,4200 ,2107 ,1 ,21 ,,6331 
202007 ,,,50 ,32 ,,,20 ,,36000 ,,120 ,18400 ,320 ,1267 ,49 ,28 ,1 ,56287 
202008 ,,,,,,,40 ,,1525 ,4561 ,,3 ,365 ,,1 ,,,6495 
202009 ,,,,,125 ,,,,1 ,,,,1120 ,288 ,,4 ,,1538 
202010 ,,,,,119 ,,,,40 ,,21 ,,,60 ,,4 ,,244 
202011 ,,,20 ,,,,,,484 ,,66 ,1 ,215 ,766 ,,7 ,1 ,1560 
202012 ,,,,,,,4 ,,2008 ,,59 ,12 ,80 ,41 ,1592 ,,,3796 
202101 ,,,,,,,,0 ,3401 ,,945 ,222 ,460 ,0 ,100 ,1 ,,5129 
202102 ,,,,,,,,,2801 ,0 ,440 ,67 ,21220 ,,140 ,153 ,1 ,24822 
202103 ,,,45 ,,200 ,,,,130 ,,250 ,26 ,155 ,0 ,150 ,270 ,10 ,1236 
202104 ,,,,,,,,,25465 ,,,229 ,280 ,,10 ,63 ,,26047 
202105 ,,,,,,,,,100 ,,,14 ,280 ,65 ,25 ,122 ,,606 
202106 ,,,4 ,,,,,,48852 ,,500 ,,25538 ,,1600 ,8 ,4 ,76506 
202107 ,,,5 ,,8 ,,,,150 ,,,612 ,70 ,65 ,601 ,4 ,,1515 
202108 ,,,,,,,,,,,16677 ,1 ,3350 ,,,3 ,8 ,20039 
202109 ,,,,,,,,,1500 ,,,,44270 ,10 ,,2 ,,45782 
202110 ,,,,,12 ,,,,,116 ,,,,,4 ,2 ,6 ,140 
202111 ,,,,,,,,20 ,76 ,,10 ,3 ,20 ,,2 ,1 ,,132 
202112 ,,,6 ,,,,,0 ,2925 ,,152 ,0 ,140 ,0 ,5 ,,4 ,3232 
202201 ,,,20 ,,,,,,1910 ,,275 ,3 ,280 ,300 ,132 ,41 ,,2961 
202202 ,,,,20 ,2 ,,,,819 ,,460 ,14 ,10447 ,40 ,132 ,,,11934 
202203 ,,,8 ,,,,7 ,,10 ,2000 ,1190 ,10 ,560 ,125 ,1060 ,208 ,,5178 
202204 ,,,,,7 ,,,,,,40 ,17 ,260 ,160 ,40 ,140 ,,664 
202205 ,,,,,,,10 ,,3052 ,,,6 ,10 ,,5 ,80 ,,3163 
202206 ,,,,,4 ,,10 ,,1934 ,,15 ,14502 ,322 ,,,120 ,,16907 
202207 ,,,,,,,10 ,,62 ,,,2671 ,,22 ,150 ,27 ,,2942 
202208 ,,,,,,,,,274 ,,5000 ,,1876 ,,,3 ,,7153 
202209 ,,,,,,,,,29 ,,,,1400 ,300 ,5 ,24 ,,1758 
202210 ,,,,,,,,,,,10 ,3 ,,,0 ,28 ,,41 
202211 ,,,,,,,0 ,,0 ,0 ,0 ,82 ,0 ,0 ,126 ,21 ,,229 
202212 ,,0 ,,,,,70 ,,0 ,,3035 ,4 ,,0 ,86 ,6 ,,3201 
202301 ,,,,,,,,,0 ,,,2015 ,400 ,1300 ,,8 ,,3723 
202302 ,,,,,,,,,0 ,,,7 ,90 ,,0 ,,,97 
202303 ,,,,0 ,20 ,,,,1300 ,,530 ,216 ,80 ,1000 ,,21 ,,3167 
202304 ,,,,,,,,,562 ,17 ,690 ,605 ,1536 ,15000 ,959 ,21 ,,19390 
202305 ,,,,,,,,300 ,100 ,15 ,195 ,1394 ,380 ,29010 ,,22 ,,31416 
202306 ,,,,,,,,,2163 ,60 ,15 ,2016 ,600 ,,10 ,109 ,,4973 
202307 ,,,,,,,,,1005 ,,600 ,44000 ,,,,,,45605 
202308 ,,,,,,,,,56505 ,,,33200 ,,,11 ,311 ,,90027 
202309 ,,,,,43 ,,,,85 ,,415 ,,,,,34 ,187 ,764 
202310 ,,,,,682 ,,,,,,,,1100 ,,,,,1782 
202311 ,,,,,10 ,,,,6900 ,,35 ,10 ,500 ,,100 ,1 ,,7556 
202312 ,,,,,,,,,1510 ,,57000 ,20074 ,0 ,,,45 ,,78629 
202401 ,,,,,,,,,5183 ,,60 ,10 ,2000 ,8 ,0 ,183 ,95 ,7539 
202402 ,,,,,,,,,618 ,,185 ,21 ,40 ,1 ,,,,865 
202403 ,,,1 ,,,,,,7 ,,815 ,9 ,25 ,,20 ,66 ,,943 
202404 ,,,,,842 ,,,,3004 ,,137 ,19 ,6 ,6 ,,20 ,,4034 
202405 ,,,,,4 ,,,300 ,288 ,,120 ,6 ,,40 ,100 ,3 ,7 ,868 
202406 ,,,,,3 ,,,,,,1125 ,7 ,5 ,26 ,,6 ,,1172 
202407 ,,,,,402 ,,,,2500 ,,,1 ,600 ,,2 ,,,3505 
202408 ,,,,,,,,,90 ,,,,,226 ,250 ,5022 ,38 ,5626 
202410 ,,,,85 ,119 ,,,,367 ,,,1 ,20 ,,,,,592 
202411 ,,,,0 ,,,,,425 ,,30 ,,,0 ,,,,455 
202412 ,,,,,,,,0 ,56 ,,25 ,0 ,,,0 ,,5 ,86 
202501 ,,,,,,,,,40298 ,,55 ,120 ,,20 ,300 ,126 ,,40919 
202502 ,,,,,,,,,,,270 ,,3000 ,,,,61 ,3331 
202503 ,,,,,,,,0 ,2098 ,,80 ,,,,,20 ,,2198 
202504 ,,,,,,,,,342 ,,710 ,,,1400 ,,20 ,6 ,2478 
202505 ,,,,,,,,,44 ,,615 ,,10 ,,,40 ,3 ,712 
202506 ,,,,,,,,,44005 ,,3275 ,,,,,0 ,,47280 
202507 ,,,,,,,,,800 ,,15 ,,,,8 ,20 ,,843 
